from,to,relation,source
Vespa,Vespa电动车,HAS,vespa
Vespa电动车工厂,Vespa电动车,HAS,vespa
Vespa电动车工厂,电动车,HAS,vespa
仓库,电动车,HAS,vespa
电动车,大规模生产,HAS,vespa
电动车,出货,HAS,vespa
Vespa电动车工厂,摩托车,HAS,vespa
Vespa电动车工厂,多色系列,HAS,vespa
Vespa电动车工厂,产品,HAS,vespa
Vespa电动车工厂,时尚感,HAS,vespa
Vespa电动车工厂,电动车,HAS,vespa
Vespa电动车工厂,员工,HAS,vespa
Vespa电动车工厂,电动车装配线,HAS,vespa
电动车装配线,装配线,HAS,vespa
生产线,忙碌,HAS,vespa
生产线,效率,HAS,vespa
Vespa电动车,侧面外观,HAS,vespa
Vespa电动车,蓝色调,HAS,vespa
Vespa电动车,设计,HAS,vespa
Vespa电动车,线条,HAS,vespa
Vespa电动车,车身表面,HAS,vespa
Vespa电动车,磨损痕迹,HAS,vespa
Vespa电动车,侧板,HAS,vespa
Vespa电动车,螺钉,HAS,vespa
Vespa电动车,制造工艺,HAS,vespa
Vespa电动车,座椅,HAS,vespa
Vespa电动车,深褐色,HAS,vespa
Vespa电动车,视觉美感,HAS,vespa
Vespa电动车工厂,电动车,HAS,vespa
Vespa电动车工厂,车库场景,HAS,vespa
仓库,光线,HAS,vespa
仓库,视觉的深度,HAS,vespa
Vespa电动车工厂,高性能的摩托车,HAS,vespa
Vespa电动车工厂,高端产品,HAS,vespa
Vespa电动车工厂,技术制造能力,HAS,vespa
Vespa电动车,Vespa电动车工厂,HAS,vespa
Vespa电动车工厂,装配线,HAS,vespa
Vespa电动车工厂,员工,HAS,vespa
Vespa电动车工厂,组装步骤,HAS,vespa
Vespa电动车工厂,流水线作业,HAS,vespa
Vespa电动车工厂,协调性,HAS,vespa
Vespa,Vespa电动车,HAS,vespa
Vespa,黑色的Vespa电动车,HAS,vespa
Vespa电动车,Vespa电动车应用,HAS,vespa
Vespa电动车工厂,电动滑板车,HAS,vespa
Vespa电动车工厂,产品,HAS,vespa
Vespa电动车工厂,便捷性,HAS,vespa
Vespa电动车工厂,市场,HAS,vespa
Vespa电动车工厂,年轻化趋势,HAS,vespa
Vespa电动车,电动车,HAS,vespa
Vespa电动车,存储区域,HAS,vespa
Vespa电动车,工厂,HAS,vespa
工厂,设施,HAS,vespa
工厂,高效的存储和管理系统,HAS,vespa
Vespa电动车工厂,电动车,HAS,vespa
电动车,前部组件,HAS,vespa
电动车,质量控制,HAS,vespa
电动车,详细工作,HAS,vespa
Vespa电动车工厂,员工,HAS,vespa
Vespa电动车工厂,蓝色工业电动车,HAS,vespa
Vespa电动车工厂,多样化产品线,HAS,vespa
Vespa电动车工厂,高产量能力,HAS,vespa
Vespa电动车工厂,Vespa电动车,HAS,vespa
Vespa电动车,展示台,HAS,vespa
Vespa电动车,展示牌,HAS,vespa
Vespa电动车,特性,HAS,vespa
Vespa电动车,背景,HAS,vespa
Vespa电动车,现代,HAS,vespa
Vespa电动车,专业,HAS,vespa
Vespa电动车工厂,Vespa电动车,HAS,vespa
Vespa电动车工厂,外部厂区,HAS,vespa
Vespa电动车工厂,宽敞道路,HAS,vespa
Vespa电动车工厂,规整的建筑布局,HAS,vespa
Vespa电动车工厂,工厂,HAS,vespa
Vespa电动车工厂,现代化,HAS,vespa
Vespa电动车工厂,规模,HAS,vespa
Vespa电动车工厂,红色电动车,HAS,vespa
Vespa电动车工厂,蓝色电动车,HAS,vespa
红色电动车,电子显示屏,HAS,vespa
蓝色电动车,电子显示屏,HAS,vespa
电子显示屏,产品信息,HAS,vespa
电子显示屏,导航辅助,HAS,vespa
Vespa,Vespa电动车,HAS,vespa
Vespa电动车,高品质,HAS,vespa
Vespa电动车,精细工艺,HAS,vespa
Vespa电动车,蓝色的车身,HAS,vespa
Vespa电动车,驾驶部分,HAS,vespa
驾驶部分,脚踏板,HAS,vespa
驾驶部分,内部机械结构,HAS,vespa
内部机械结构,脚刹,HAS,vespa
内部机械结构,电动启动装置,HAS,vespa
Vespa电动车工厂,Vespa电动车,HAS,vespa
Vespa电动车,黑色电动车摩托,HAS,vespa
Vespa电动车,工具,HAS,vespa
Vespa电动车,设备,HAS,vespa
Vespa电动车,维护,HAS,vespa
Vespa电动车,实用性,HAS,vespa
Vespa电动车,产品,HAS,vespa
Vespa,Vespa电动车,HAS,vespa
Vespa电动车,三辆不同颜色的Vespa电动车,HAS,vespa
Vespa电动车,颜色选项,HAS,vespa
Vespa电动车,设计,HAS,vespa
Vespa电动车工厂,电动车,HAS,vespa
Vespa电动车工厂,工人,HAS,vespa
工人,手工作业,HAS,vespa
工人,装配工作,HAS,vespa
Vespa电动车工厂,摩托车,HAS,vespa
Vespa电动车工厂,电动车,HAS,vespa
Vespa电动车工厂,地面,HAS,vespa
Vespa电动车工厂,光线,HAS,vespa
Vespa电动车工厂,企业,HAS,vespa
Vespa电动车工厂,产品展示,HAS,vespa
Vespa电动车工厂,蓝色的三轮电动车,HAS,vespa
Vespa电动车工厂,车型,HAS,vespa
Vespa电动车,电动车,HAS,vespa
电动车,数字化仪表盘,HAS,vespa
数字化仪表盘,速度,HAS,vespa
数字化仪表盘,电量,HAS,vespa
电动车,现代化技术,HAS,vespa
Vespa电动车,Vespa电动车工厂,HAS,vespa
Vespa电动车,电动车,HAS,vespa
电动车,平坦宽敞的道路,HAS,vespa
电动车,实际使用环境,HAS,vespa
Vespa电动车工厂,电动车,HAS,vespa
电动车,后轮,HAS,vespa
电动车,车辆组装,HAS,vespa
车辆组装,工人,HAS,vespa
车辆组装,技术,HAS,vespa
车辆组装,手工,HAS,vespa
车辆组装,具体环节,HAS,vespa
场景,车辆组装,HAS,vespa
Vespa电动车工厂,Vespa电动车,HAS,vespa
Vespa电动车工厂,设计,HAS,vespa
Vespa电动车工厂,技术水平,HAS,vespa
Vespa电动车工厂,现代化展厅中心,HAS,vespa
现代化展厅中心,电动车,HAS,vespa
现代化展厅中心,圆形展示台,HAS,vespa
现代化展厅中心,其他款式的电动车,HAS,vespa
工厂,设计,HAS,vespa
工厂,技术水平,HAS,vespa
Vespa电动车工厂,Vespa电动车,HAS,vespa
Vespa电动车工厂,电动车,HAS,vespa
电动车,电池技术,HAS,vespa
电池装配区,电池组,HAS,vespa
电池组,工人,HAS,vespa
Vespa,Vespa电动车,HAS,vespa
企业,广泛产品系列,HAS,vespa
Vespa电动车工厂,电动车,HAS,vespa
电动车,经典款电动车,HAS,vespa
电动车,现代款电动车,HAS,vespa
Vespa电动车,电动车,HAS,vespa
Vespa电动车,驾驶器械,HAS,vespa
Vespa电动车,后视镜,HAS,vespa
Vespa电动车,手把,HAS,vespa
Vespa电动车,车辆控制部分,HAS,vespa
Vespa电动车工厂,Vespa电动车工厂介绍,HAS,vespa
GOVEI标志,品牌,HAS,vespa
品牌,公司,HAS,vespa
展示厅,产品,HAS,vespa
接待区,访客,HAS,vespa
Vespa摩托车,电动摩托车,HAS,vespa
电动摩托车,图片,HAS,vespa
电动摩托车,淡蓝色,HAS,vespa
电动摩托车,棕色的座椅,HAS,vespa
电动摩托车,金属装饰,HAS,vespa
电动摩托车,前后的灯光,HAS,vespa
电动摩托车,车把上的镜子,HAS,vespa
电动摩托车,透明的挡风玻璃,HAS,vespa
电动摩托车,后部附加的行李箱,HAS,vespa
电动摩托车,工作室环境,HAS,vespa
电动摩托车,黑色设备,HAS,vespa
Vespa电动车展示,电动摩托车,HAS,vespa
Vespa电动车,图片,HAS,vespa
Vespa电动车,浅蓝色,HAS,vespa
Vespa电动车,前后的镀铬保险杠,HAS,vespa
Vespa电动车,皮质座椅,HAS,vespa
Vespa电动车,顶部行李箱,HAS,vespa
Vespa电动车,圆形的大灯,HAS,vespa
Vespa电动车,风挡玻璃,HAS,vespa
Vespa电动车,室内环境,HAS,vespa
Vespa电动车,黑色的摄影灯架,HAS,vespa
Vespa电动车,银色的Vespa电动车,HAS,vespa
银色的Vespa电动车,前挡风玻璃,HAS,vespa
银色的Vespa电动车,后置行李箱,HAS,vespa
银色的Vespa电动车,设计,HAS,vespa
银色的Vespa电动车,功能性,HAS,vespa
银色的Vespa电动车,摩托车,HAS,vespa
Vespa,Vespa电动车,HAS,vespa
Vespa电动车,照片,HAS,vespa
Vespa电动车,摩托车,HAS,vespa
摩托车,深灰色,HAS,vespa
摩托车,前后金属护栏,HAS,vespa
摩托车,后部储物箱,HAS,vespa
摩托车,透明的风挡,HAS,vespa
摩托车,侧镜,HAS,vespa
摩托车,经典而现代的设计风格,HAS,vespa
照片,简单的白色背景,HAS,vespa
照片,黑色支架,HAS,vespa
照片,地面,HAS,vespa
照片,细节,HAS,vespa
