entity_name,source,entity_type,entity_description,chunkId
A公司,A,公司,"A公司是一家在国际市场上逐渐崭露头角的技术公司，凭借自主创新和技术探索获得了广泛认可和赞誉。自成立以来，A公司致力于技术研发，吸引了众多顶尖技术人才。面对复杂的技术难题，公司的技术精英们展现出坚定的信念和热情，积极应对各种挑战。A公司的发展历程充满了技术与市场的较量，以及智慧与勇气的交织，逐步在商业海洋中崛起。

为了促进员工的个人成长和职业发展，A公司注重建立职业晋升体系和激励机制，定期组织团建活动、技能培训和文化交流。此外，A公司还推出了旗舰产品，并策划了新品发布会，以提升产品的知名度和影响力。秉承创新精神，A公司致力于技术进步和产业升级，为人类的数字化生活贡献智慧和力量。","4,1,2,0,6,5,7"
他们,A,团队,他们是一个不断进行实验验证的团队，面对失败依然坚定信念，最终取得了技术成果。,3
价值观,A,概念,价值观是A公司倡导的理念，成为员工行为的准则。,5
企业文化,A,"概念,文化",A公司的企业文化以人为本，作为其核心价值观，旨在激发员工的积极性和创造力，促进公司的持续发展。随着公司的成长，A公司倡导的价值观逐渐形成，包括创新、协作、责任和共赢，这些理念深刻影响着员工的行为和工作方式。通过这种文化的建设，A公司不仅提升了员工的参与感和归属感，也为公司的整体发展奠定了坚实的基础。,"6,5"
创始人,A,人物,A公司的创始人，32岁，带领团队踏上创业之路，对技术充满热爱。,0
创新项目,A,项目,创新项目是员工提出的创意和建议，A公司设立专项基金支持这些项目，以推动公司的持续发展。,6
办公室,A,地点,A公司租下的简陋办公室，里面堆满了二手电脑和散落的代码本。,0
员工,A,人群,员工是A公司的核心，他们在轻松愉快的氛围中相互学习、共同进步，并受到公司的支持和激励。,6
国际影响力,A,概念,国际影响力是A公司在全球范围内的知名度和影响力，标志着其在行业中的地位。,6
媒体记者,A,人,媒体记者是受邀参加新品发布会的新闻工作者，负责报道A公司的产品发布。,5
市场推广,A,活动,市场推广是A公司为满足多样化市场需求而采取的策略，包括推出新产品线和与合作伙伴建立联系。,4
市场调研,A,活动,市场调研是A公司技术精英们进行的广泛而深入的研究，旨在收集相关技术资料和研究报告以寻找解决方案。,2
年轻人,A,群体,一群对技术充满热爱的年轻人，支持创始人共同创业，经历了许多挑战。,0
技术团队,A,团队,A公司的技术团队在面对技术难题时展现出坚持与执着的精神。,1
技术垄断,A,概念,技术垄断指的是某一公司在技术领域的主导地位，影响市场竞争和产品多样性。,4
技术成果,A,技术,这项技术成果是经过无数次失败与尝试后诞生的，成功解决了技术难题，并在性能上实现了质的飞跃。,3
技术研发中心,A,机构,技术研发中心是A公司成立的专门机构，旨在推动技术创新和研发。,1
技术精英,A,人群,技术精英是A公司的团队成员，他们进行市场调研并努力解决技术难题，表现出高度的热情和奉献精神。,2
技术难题,A,问题,A公司在实验过程中面临了一系列复杂的技术难题，团队意识到这些问题的解决具有相当的艰巨性。为此，他们决定从基础理论入手进行深入研究。经过不懈努力，最终通过新技术的应用，成功克服了这些挑战。这一过程不仅体现了团队的坚持和创新能力，也为公司的技术发展奠定了坚实的基础。,"3,2"
新产品,A,产品,A公司正在测试的新产品，团队为其稳定性进行连续的测试。,0
新品发布会,A,事件,新品发布会是A公司策划的一场活动，邀请了行业专家、媒体记者和用户代表，展示产品并提升品牌知名度。,5
旗舰产品,A,产品,A公司推出的旗舰产品是其主要产品，充分体现了公司的技术实力和市场定位。该产品以卓越的性能和创新的设计为特点，展示了A公司在行业中的领导地位。,"4,5"
核心技术,A,技术,核心技术是A公司面临的技术难题所涉及的关键领域，全球尚无成熟解决方案。,1
激励机制,A,制度,激励机制是A公司为优秀员工提供奖励和支持的制度，旨在激发员工的积极性和创造力。,6
用户代表,A,人,用户代表是受邀参加新品发布会的普通用户，亲身体验A公司的旗舰产品。,5
职业晋升体系,A,制度,职业晋升体系是A公司为员工提供发展空间和晋升机会的制度，旨在促进员工的职业发展。,6
行业专家,A,人,行业专家是受邀参加新品发布会的专业人士，见证A公司的产品发布。,5
解决方案,A,概念,解决方案是团队成员们激烈讨论的内容，旨在找到应对技术难题的有效方法。,2
资金,A,概念,A公司在创业初期面临资金紧张的挑战，每一分钱都需精打细算。,0
